﻿<skin name="www.i62.org  	" version="1.2" author="CenFun" email="11278755@qq.com" url="" readme="最佳宽高640x328" show_tips="0" context_menu="2">
  <list xywh="R, 41R, 290, 290" src="list.png" lock="1" display="1" group="A" alpha="0.9" shadow="3,45,#000000,0.5,4,4,1,3">
    <tree xywh="5, 5, 5B, 17B" align="left" font="宋体" size="12" color="#1E90FF, #ff0000"/>
    <scrollbar thumb_src="scrollbar_thumb.png" button_src="scrollbar_button.png" />
    <search xywh="5, 6R, 215, 18" align="left" font="Arial" size="12" color="#FFB90F" borderColor="#444444" backgroundColor="#282828" value="请输入关键字搜索" />
    <bt_close xywh="5R, 5R, 60, 18" src="bt_close.png" />
  </list>
  <console xywh="0, 0, 100P, 100P" src="tvlive.swf" lock="1" display="1" group="A">
    <bt_play xywh="8, 10R, 30, 30" src="bt_play.png" />
    <bt_stop xywh="41, 10R, 30, 30" src="bt_stop.png" />
    <progress xywh="78, 13R, 110B, 24" track_src="track_progress.png" />
    <bt_mute xywh="41R, 10R, 30, 30" src="bt_mute.png" hover_volume="1" />
    <bt_list xywh="8R, 10R, 30, 30" src="bt_list.png" />
    <time xywh="75R, 18R, 67, 16" align="center" font="Arial Narrow" size="11" color="#cccccc" borderColor=""  />
    <volume xywh="-31R, 28R, 100, 24" track_src="track_volume.png" src="volume.png" rotation="-90" />
  </console>
  <lrc xywh="0, 5R, 100%, 18" lock="1" display="1" group="A" alpha="0.8">
		<text xywh="0, 0, 100P, 100P" align="center" font="宋体" size="12" color="#7F8FA5, #ffffff" horizontal="1" max_scale="3" shadow="1,90,#000000,0.5,4,4,1,3"/>
  </lrc>
  <media xywh="0, 0, 100P, 100P" src="123.swf" lock="1" display="1" group="A">
    <video xywh="0, 0, 100P, 100P" />
  </media>
</skin>